win_len,micro_precision,micro_recall,micro_f1,macro_precision,macro_recall,macro_f1,subset_acc_mean,hamming_loss_mean,jaccard_mean
20,0.3333333333333333,0.1,0.15384615384615383,0.25,0.08333333333333333,0.125,0.0,0.39285714285714285,0.07142857142857142
