scope,win_len,class,tp,fp,fn,tn,accuracy,precision,recall,f1
overall,5,,30,54,0,2,0.37209302325581395,0.35714285714285715,1.0,0.5263157894736842
per_class,5,0,0,28,0,0,0.0,0.0,0.0,0.0
per_class,5,1,27,0,0,0,1.0,1.0,1.0,1.0
per_class,5,2,0,26,0,2,0.07142857142857142,0.0,0.0,0.0
per_class,5,4,3,0,0,0,1.0,1.0,1.0,1.0
