scope,win_len,class,tp,fp,fn,tn,accuracy,precision,recall,f1
overall,10,,17,25,0,3,0.4444444444444444,0.40476190476190477,1.0,0.576271186440678
per_class,10,0,0,14,0,0,0.0,0.0,0.0,0.0
per_class,10,1,14,0,0,0,1.0,1.0,1.0,1.0
per_class,10,2,0,11,0,3,0.21428571428571427,0.0,0.0,0.0
per_class,10,4,3,0,0,0,1.0,1.0,1.0,1.0
