scope,win_len,class,tp,fp,fn,tn,accuracy,precision,recall,f1
overall,30,,5,4,0,4,0.6923076923076923,0.5555555555555556,1.0,0.7142857142857143
per_class,30,0,0,4,0,0,0.0,0.0,0.0,0.0
per_class,30,1,4,0,0,0,1.0,1.0,1.0,1.0
per_class,30,2,0,0,0,4,1.0,0.0,0.0,0.0
per_class,30,4,1,0,0,0,1.0,1.0,1.0,1.0
