win_len,micro_precision,micro_recall,micro_f1,macro_precision,macro_recall,macro_f1,subset_acc_mean,hamming_loss_mean,jaccard_mean
5,0.1111111111111111,0.047619047619047616,0.06666666666666667,0.25,0.014705882352941176,0.027777777777777776,0.058823529411764705,0.4117647058823529,0.058823529411764705
