scope,win_len,class,tp,fp,fn,tn,accuracy,precision,recall,f1
overall,20,,10,9,0,5,0.625,0.5263157894736842,1.0,0.6896551724137931
per_class,20,0,0,7,0,0,0.0,0.0,0.0,0.0
per_class,20,1,7,0,0,0,1.0,1.0,1.0,1.0
per_class,20,2,0,2,0,5,0.7142857142857143,0.0,0.0,0.0
per_class,20,4,3,0,0,0,1.0,1.0,1.0,1.0
