scope,win_len,class,tp,fp,fn,tn,accuracy,precision,recall,f1
overall,5,,21,30,0,4,0.45454545454545453,0.4117647058823529,1.0,0.5833333333333334
per_class,5,0,0,17,0,0,0.0,0.0,0.0,0.0
per_class,5,1,17,0,0,0,1.0,1.0,1.0,1.0
per_class,5,2,0,13,0,4,0.23529411764705882,0.0,0.0,0.0
per_class,5,4,4,0,0,0,1.0,1.0,1.0,1.0
