scope,win_len,class,tp,fp,fn,tn,accuracy,precision,recall,f1
overall,5,,27,7,3,49,0.8837209302325582,0.7941176470588235,0.9,0.84375
per_class,5,0,0,2,0,26,0.9285714285714286,0.0,0.0,0.0
per_class,5,1,25,0,2,0,0.9259259259259259,1.0,0.9259259259259259,0.9615384615384615
per_class,5,2,0,5,0,23,0.8214285714285714,0.0,0.0,0.0
per_class,5,4,2,0,1,0,0.6666666666666666,1.0,0.6666666666666666,0.8
