scope,win_len,class,tp,fp,fn,tn,accuracy,precision,recall,f1
overall,10,,10,0,2,16,0.9285714285714286,1.0,0.8333333333333334,0.9090909090909091
per_class,10,0,0,0,0,8,1.0,0.0,0.0,0.0
per_class,10,1,8,0,0,0,1.0,1.0,1.0,1.0
per_class,10,2,0,0,0,8,1.0,0.0,0.0,0.0
per_class,10,4,2,0,2,0,0.5,1.0,0.5,0.6666666666666666
