scope,win_len,class,tp,fp,fn,tn,accuracy,precision,recall,f1
overall,10,,11,0,6,28,0.8666666666666667,1.0,0.6470588235294118,0.7857142857142858
per_class,10,0,0,0,0,14,1.0,0.0,0.0,0.0
per_class,10,1,10,0,4,0,0.7142857142857143,1.0,0.7142857142857143,0.8333333333333333
per_class,10,2,0,0,0,14,1.0,0.0,0.0,0.0
per_class,10,4,1,0,2,0,0.3333333333333333,1.0,0.3333333333333333,0.5
