scope,win_len,class,tp,fp,fn,tn,accuracy,precision,recall,f1
overall,20,,5,2,1,6,0.7857142857142857,0.7142857142857143,0.8333333333333334,0.7692307692307692
per_class,20,0,0,0,0,4,1.0,0.0,0.0,0.0
per_class,20,1,4,0,0,0,1.0,1.0,1.0,1.0
per_class,20,2,0,2,0,2,0.5,0.0,0.0,0.0
per_class,20,4,1,0,1,0,0.5,1.0,0.5,0.6666666666666666
