scope,win_len,class,tp,fp,fn,tn,accuracy,precision,recall,f1
overall,5,,17,0,4,34,0.9272727272727272,1.0,0.8095238095238095,0.8947368421052632
per_class,5,0,0,0,0,17,1.0,0.0,0.0,0.0
per_class,5,1,16,0,1,0,0.9411764705882353,1.0,0.9411764705882353,0.9696969696969697
per_class,5,2,0,0,0,17,1.0,0.0,0.0,0.0
per_class,5,4,1,0,3,0,0.25,1.0,0.25,0.4
