scope,win_len,class,tp,fp,fn,tn,accuracy,precision,recall,f1
overall,40,,2,1,1,3,0.7142857142857143,0.6666666666666666,0.6666666666666666,0.6666666666666666
per_class,40,0,0,0,0,2,1.0,0.0,0.0,0.0
per_class,40,1,2,0,0,0,1.0,1.0,1.0,1.0
per_class,40,2,0,1,0,1,0.5,0.0,0.0,0.0
per_class,40,4,0,0,1,0,0.0,0.0,0.0,0.0
