scope,win_len,class,tp,fp,fn,tn,accuracy,precision,recall,f1
overall,20,,8,0,2,14,0.9166666666666666,1.0,0.8,0.888888888888889
per_class,20,0,0,0,0,7,1.0,0.0,0.0,0.0
per_class,20,1,7,0,0,0,1.0,1.0,1.0,1.0
per_class,20,2,0,0,0,7,1.0,0.0,0.0,0.0
per_class,20,4,1,0,2,0,0.3333333333333333,1.0,0.3333333333333333,0.5
