win_len,target_class,target_name,n,n_hallucinated,hallucination_rate
5,0,"Female speech, woman speaking",28,19,0.6785714285714286
5,2,Clapping,28,12,0.42857142857142855
5,6,"Walk, footsteps",28,20,0.7142857142857143
5,7,"Door, open or close",28,20,0.7142857142857143
5,8,Music,28,18,0.6428571428571429
5,11,Bell,28,14,0.5
5,12,Knock,28,8,0.2857142857142857
