win_len,micro_precision,micro_recall,micro_f1,macro_precision,macro_recall,macro_f1,subset_acc_mean,hamming_loss_mean,jaccard_mean,parse_ok_rate
5,0.5833333333333334,0.23333333333333334,0.33333333333333337,0.2916666666666667,0.1388888888888889,0.14646464646464646,0.07142857142857142,0.25,0.16071428571428573,1.0
