win_len,micro_precision,micro_recall,micro_f1,macro_precision,macro_recall,macro_f1,subset_acc_mean,hamming_loss_mean,jaccard_mean,parse_ok_rate
5,0.7,0.3333333333333333,0.45161290322580644,0.35,0.1985294117647059,0.22474747474747475,0.11764705882352941,0.25,0.20588235294117646,1.0
